image_link,itemid,price,global_category1,description,global_category2,global_item_attributes,item_rating,sale_price,global_catid2,discount_percentage,image_link_3,title,global_catid1,product_link,product_short_link,util_hits,niche_hits,basic_fashion_hits,decision_fashion_hits,blocked_hits,score,title_len
https://cf.shopee.com.br/file/br-11134207-81z1k-mdw7fezutn2be0,22598852373,80.0,Home & Living,"Organizador De Gaveta Com Divisórias para Peças Intimas/ Meias/ Calcinhas Multiuso

Produto com divisórias e tampa para organização. Ideal para manter seus itens organizados, protegidos e de fácil acesso.

As divisórias internas ajudam a separar objetos pequenos, enquanto a tampa mantém tudo limpo e livre de poeira.

Material: TNT

Cor: Cinza e Bege

Tamanho M: 17 grades- 44*29*12.5 cm

Modelo: Caixa organizadora com tampa e divisórias

OBS: devido à diferença de luz e tela, o cor do item pode ser ligeiramente diferente das imagens. por favor entenda. por favor permita devido à medição manual.",Home Organizers,"[{""attr_id"":100037,""attr_val_id"":35,""formatted_value"":""Mainland China"",""status"":1},{""attr_id"":100048,""attr_val_id"":506,""formatted_value"":""Boxes"",""status"":1},{""attr_id"":100134,""attr_val_id"":0,""formatted_value"":""TNT"",""status"":1},{""attr_id"":100169,""attr_val_id"":11679,""formatted_value"":""Modern"",""status"":1}]",4.96,21.99,100721,73,https://cf.shopee.com.br/file/br-11134207-81z1k-mdw7fezyj30h95,Organizador De Gaveta Divisórias com Tampa Antipoeira Para Peças Intimas/ Meias/ Calcinhas Multiuso,100636,https://shopee.com.br/product/1551674624/22598852373,https://shope.ee/an_redir?origin_link=https%3A%2F%2Fshopee.com.br%2Fproduct%2F1551674624%2F22598852373,4,0,2,0,0,132.24875,99
https://cf.shopee.com.br/file/br-11134207-81z1k-mhjhkt1b9c02f8,58251097814,70.0,Home & Living,"Colmeia Organizador com 8 Divisórias – Praticidade e Organização em Cada Detalhe


Transforme a organização das suas gavetas com a Colmeia Organizadora. Desenvolvido em material resistente e de alta qualidade, ele conta com compartimentos individuais perfeitos para manter cada item no seu devido lugar.

Ideal para guardar meias, calcinhas, cuecas, acessórios, lenços, biquínis e pequenos itens, esse organizador otimiza o espaço e deixa tudo muito mais prático de encontrar no dia a dia. Sua estrutura reforçada garante firmeza e durabilidade, evitando que as peças se misturem ou amassem.

Com design moderno e acabamento impecável, ele se adapta perfeitamente a closets, gavetas e prateleiras, oferecendo uma solução inteligente para quem busca mais funcionalidade, praticidade e estética na organização da casa.

✔ Estrutura firme e resistente

✔ Divisórias ideais para manter tudo separado

✔ Perfeito para gavetas e closets

✔ Fácil de limpar e manusear

✔ Organização rápida, prática e elegante

Tenha um ambiente mais organizado e funcional com a Colmeia Organizadora.

ESPECIFICAÇÕES:
- Tecido resistente
- 8 divisórias
- 28 x 14 x 9
VARIAÇÕES:
- Kits com 1, 2, 3, 4 ou 5 unidades.",Home Organizers,"[{""attr_id"":100134,""attr_val_id"":0,""formatted_value"":""Plástico"",""status"":1},{""attr_id"":100828,""attr_val_id"":0,""formatted_value"":""0.2kg"",""status"":1},{""attr_id"":100942,""attr_val_id"":0,""formatted_value"":""28  x 14 x 9"",""status"":1}]",4.8,27.1,100721,61,https://cf.shopee.com.br/file/br-11134207-81z1k-mhjhkt1ash6u6a,"Colmeia organizadora de gaveta, guarda-roupas, 8 divisórias para peças íntimas, cuecas, meias.",100636,https://shopee.com.br/product/439250690/58251097814,https://shope.ee/an_redir?origin_link=https%3A%2F%2Fshopee.com.br%2Fproduct%2F439250690%2F58251097814,3,0,4,0,0,125.30416666666667,94
https://cf.shopee.com.br/file/br-11134207-7r98o-mbfa95z4yg6d6f,23497670597,82.86,Home & Living,"BEM VINDO AO ROIF SHOP 

Conteudo da Embalagem 
- 01 Unidade Organizador de latas 
- 02 Unidades Organizador de Latas

Medidas 
- Largura: 14,5 cm
- Altura: 9,5 cm 
- Comprimento: 33,5 cm

Organizador Multiuso Porta latas, o produto perfeito para liberar espaço em sua geladeira ou dispensa, contendo um design inovador e tecnológico para fácil utilização, adicione ou retire latas sem sufoco e sem fazer bagunça.

Aguardamos sua Compra para Despacharmos Agora Mesmo!",Home Organizers,"[{""attr_id"":100037,""attr_val_id"":6737,""formatted_value"":""Brasil"",""status"":1},{""attr_id"":100121,""attr_val_id"":0,""formatted_value"":""7"",""status"":1},{""attr_id"":100134,""attr_val_id"":0,""formatted_value"":""Acrilico"",""status"":1},{""attr_id"":100134,""attr_val_id"":0,""formatted_value"":""Resistente"",""status"":1},{""attr_id"":100134,""attr_val_id"":0,""formatted_value"":""Transparente"",""status"":1},{""attr_id"":100134,""attr_val_id"":1207,""formatted_value"":""Plastic"",""status"":1},{""attr_id"":100370,""attr_val_id"":2419,""formatted_value"":""Manufacturer Warranty"",""status"":1},{""attr_id"":100942,""attr_val_id"":0,""formatted_value"":""10.4cmX14cmX35cm"",""status"":1},{""attr_id"":100963,""attr_val_id"":0,""formatted_value"":""0"",""status"":1},{""attr_id"":100999,""attr_val_id"":0,""formatted_value"":""1"",""status"":1}]",4.84,24.86,100721,70,https://cf.shopee.com.br/file/br-11134207-7r98o-mbe5eu0ucc5r6f,Kit 2 Organizador Porta Latas Geladeira Dispenser Acrilico Suporte Multiuso Armário Cozinha Dispensa,100636,https://shopee.com.br/product/1314741757/23497670597,https://shope.ee/an_redir?origin_link=https%3A%2F%2Fshopee.com.br%2Fproduct%2F1314741757%2F23497670597,4,0,0,0,0,121.04083333333332,100
https://cf.shopee.com.br/file/sg-11134201-8258m-mg824fxjb8r38a,23093880676,75.99,Home & Living,"                🤍🤍Seja Bem vindo(a) a loja Momo Shop 🤍🤍

*** ATENÇÃO O LINK TEM VARIAÇÃO DE QUANTIDADE ***

*4 UNIDADES

Wall Mounted Mop Organizador Titular Escova Vassoura Cabide Rack De Armazenamento Em Casa Banheiro Sucção Pendurado Tubo Ganchos Ferramentas Domésticas casa

1. Material plástico: O suporte do esfregão é feito do plástico de alta qualidade, que é durável, desgaste-resistente, e gota-resistente.
2. Design: O suporte do esfregão adota um design de engrenagem em forma de pétala, adequado para itens com diâmetro de 0,8 polegadas e pode ajustar automaticamente o tamanho para evitar que os objetos escorregue.
3. Método de instalação: limpe a parede primeiro, arranque a película protetora, cole o gancho pegajoso na parede, pressione-o com as mãos para liberar as bolhas de ar dentro. Use após 12 horas.
4. Multifuncional: O rack de armazenamento esfregão não só pode pendurar esfregões e vassouras, mas também pendurar vários objetos pequenos, como guarda-chuvas, utensílios de cozinha, escovas higiênicas, etc.

Atenção:

O suporte do esfregão pode ser instalado em várias paredes lisas, como telhas lisas, vidro temperado, mármore, superfícies metálicas, etc., e não pode ser usado em paredes ásperas, como paredes de papel de parede, paredes do cimento, paredes do cal, pinturas, etc.
Devido às diferentes cores da tela do computador, a cor física pode ser ligeiramente diferente das imagens acima, obrigado pela sua compreensão.

Materiais: Aço inoxidável

O pacote inclui: Mop titular * 1pc (incluindo adesivo)

OBSERVAÇÃO:

- Devido a diferenças entre os diferentes monitores, a figura pode não refletir a cor real do item.
- Pode haver erro de 1-2cm devido à medição manual.
- Imagens meramente ilustrativas! que servem para demonstração do produto.

*Dicas de compra

1- Leia todo o anúncio antes de comprar.
2- Verifique se seus dados de contato estão atualizados no momento da compra.
3- Confira o seu endereço de recebimento, pois não temos como alterá-lo
                    
                                 🤍🤍🤍 boas compras🤍🤍🤍",Home Organizers,,4.6,20.99,100721,72,https://cf.shopee.com.br/file/sg-11134201-8259v-mg824kiglafi7f,Kit 4 Suporte Gancho Para Pendurar Vassoura Rodo Utensílios,100636,https://shopee.com.br/product/409941475/23093880676,https://shope.ee/an_redir?origin_link=https%3A%2F%2Fshopee.com.br%2Fproduct%2F409941475%2F23093880676,4,0,0,0,0,121.02708333333334,59
https://cf.shopee.com.br/file/br-11134207-81z1k-mgmhhu1ycgef6b,22699165697,150.0,Home & Living,"🧺 Caixa Organizadora Premium para Roupas — Praticidade e Elegância para Seu Dia a Dia!

Quer deixar seu guarda-roupa, quarto ou lavanderia impecavelmente organizados?
A Caixa Organizadora Premium é a solução ideal para quem busca mais espaço, praticidade e estilo no dia a dia!
Perfeita para guardar roupas, cobertores, brinquedos, toalhas e acessórios, mantendo tudo no lugar e protegido contra poeira e umidade.

💎 Por que escolher a nossa Caixa Organizadora:
✅ Produto novo e de alta qualidade, com acabamento moderno e durável
✅ Design empilhável: economiza espaço e mantém tudo visível e acessível
✅ Abertura ampla, facilitando na hora de guardar ou retirar as roupas
✅ Material resistente, ideal para o uso diário
✅ Alças laterais reforçadas, que tornam o transporte prático e seguro
✅ Perfeita para qualquer ambiente: quartos, lavanderias, armários e closets

📏 Detalhes do Produto:
Tamanho: conforme imagens

Cor: conforme imagens

Pacote inclui: O kit escolhido 

⚠️ As cores podem variar levemente conforme a iluminação e a tela do seu dispositivo.

💬 Dica:
Monte o conjunto completo! Use várias unidades para criar uma organização visualmente harmoniosa, prática e moderna.

🛒 Aproveite nossas promoções e garanta o seu agora mesmo!

Na HVL, trabalhamos com preços justos e envio rápido para você ter sempre os melhores produtos com o melhor custo-benefício.",Home Organizers,"[{""attr_id"":100828,""attr_val_id"":0,""formatted_value"":""10kg"",""status"":1},{""attr_id"":100942,""attr_val_id"":0,""formatted_value"":""18x28x47"",""status"":1},{""attr_id"":100999,""attr_val_id"":0,""formatted_value"":""1"",""status"":1},{""attr_id"":101029,""attr_val_id"":0,""formatted_value"":""1Pack"",""status"":1},{""attr_id"":101219,""attr_val_id"":7222,""formatted_value"":""No"",""status"":1}]",4.98,43.99,100721,71,https://cf.shopee.com.br/file/br-11134207-81z1k-mgmhhu1yduyv0b,Kit Até 8 Caixa Organizador Roupas Íntimas Multiuso Guarda Roupa Camisetas Calças,100636,https://shopee.com.br/product/1373447050/22699165697,https://shope.ee/an_redir?origin_link=https%3A%2F%2Fshopee.com.br%2Fproduct%2F1373447050%2F22699165697,3,0,2,0,0,120.72541666666667,81
https://cf.shopee.com.br/file/br-11134207-7r98o-m8nos6txpqj5fc,23093905401,149.9,Home & Living,"Seja Bem-vindo!

Avisos e Informações:

-Envio direto de São Paulo!
-Produto pronto para entrega.
-Envio rápido!
-Nota fiscal de venda inclusa.

A Escova Elétrica Sem Fio Recarregável é uma ferramenta de limpeza prática e eficiente para manter sua casa limpa e organizada. Com sua tecnologia sem fio e recarregável, você pode limpar sem restrições, alcançando todos os cantos da sua casa com facilidade.

-  Liberdade para limpar sem restrições de cordão.
-  Economia e praticidade com bateria recarregável.
-  Limpeza eficiente com motor potente.
-  Fácil de manusear e confortável de usar.


Ideal para
- Limpeza de Superfícies: Azulejos, bancadas, pias e mais.
- Remoção de Sujeira: Manchas, poeira e sujeira acumulada.
",Home Care Supplies,"[{""attr_id"":100037,""attr_val_id"":6737,""formatted_value"":""Brasil"",""status"":1},{""attr_id"":100370,""attr_val_id"":2419,""formatted_value"":""Manufacturer Warranty"",""status"":1},{""attr_id"":100999,""attr_val_id"":0,""formatted_value"":""1"",""status"":1}]",4.89,29.99,100716,80,https://cf.shopee.com.br/file/br-11134207-7r98o-m8nos6uroioh03,Escova Elétrica Sem Fio Para Limpeza Pesada Recarregável Limpador Multiuso Prático e Fácil - NL,100636,https://shopee.com.br/product/1383442219/23093905401,https://shope.ee/an_redir?origin_link=https%3A%2F%2Fshopee.com.br%2Fproduct%2F1383442219%2F23093905401,3,0,0,0,0,119.87208333333334,95
https://cf.shopee.com.br/file/br-11134201-7r98o-m4b3zua18xxd46,23993598100,51.98,Home & Living,"Produto: Gancho Adesivo
Matéria:Plástico Transparente e aço inoxidável
Contém: 15 unidade
﻿
👍Este gancho de metal é mais espesso e feito de aço inoxidável. 
﻿
👍Como a área de colagem e a cola são reforçadas, seu desempenho de suporte de carga também é muito bom. Pode suportar um peso de cerca de
﻿
👍Com estes lindos ganchos você pode pendurar suas toalhas no banheiro, seus utensílios na cozinha, sua mochila, suas chaves, suas roupas, bonés, guarda-chuvas, bolsas, casacos, panelas, enfim, o que você quiser.
 
✔️Produto multiuso;
-Materiais de alta qualidade, mantem a parede limpa não deixa resíduos;
-Boa resistência ao tempo, sempre permanecerá firme.
-Super impermeável: gancho de cola comum vai cair ao entrar em contato com a água. Nossos ganchos permanecerão fortes.
-Organiza e decora o ambiente.
﻿
✔️Modo de uso:
﻿
-Limpe o local onde ira fazer a aplicação dos ganchos, de preferencia locais de superfície lisa e plana, retire a película de proteção dos ganchos e faça a aplicação, fixe bem no local tirando todo o ar da gancho, não fixe os ganchos imediatamente um no outro, deixe que a cola seque por pelo menos 1 hora para uma boa fixação.
﻿
✔️Ganchos de excelente qualidade, ótima aderência em azulejos, madeira lisa envernizada, mármore, vidros, geladeira. (Não aconselhamos colar em guarda-roupas, pois devido à alta aderência pode danificar a pintura ao remover o gancho adesivo).
﻿
❓PERGUNTAS FREQUENTES❓
-O produto é novo e original?
✅Sim , todos os nossos produtos são novos e originais.
-Tem a pronta entrega?
✅Sim , todos nossos produtos anunciados tem estoque no Brasil para envio imediato.
-Qual o prazo de postagem?
✅Após a confirmação da compra enviaremos seu produto no máximo 24 HORAS, via correios.",Home Organizers,,4.74,20.99,100721,60,https://cf.shopee.com.br/file/br-11134207-7r98o-mdictexpqqwp49,15 PCS Ganchos De Parede Autocolantes Transparente Multifuncionais Promoções,100636,https://shopee.com.br/product/521289385/23993598100,https://shope.ee/an_redir?origin_link=https%3A%2F%2Fshopee.com.br%2Fproduct%2F521289385%2F23993598100,4,0,0,0,0,115.54708333333333,76
https://cf.shopee.com.br/file/br-11134207-7r98o-m5atwu20dv0w78,23697707337,97.8,Home & Living,"Kit Cabeceira de Cama Box Casal Solteiro Queen Modulada Estofada

Transforme seu quarto em um oásis de conforto e elegância com nosso Kit de Cabeceiras de Cama Box Modulares Estofadas. Combinando design sofisticado e funcionalidade, essas cabeceiras são mais do que um simples item decorativo; elas são a peça-chave para criar um ambiente acolhedor e estiloso.

Quantos módulos devo comprar?

5 Módulos: Cama de Solteiro
7 Módulos: Cama de Casal Comum
8 Módulos: Cama Queen
10 Módulos: Cama King

Especificações Técnicas:

Dimensões de Cada Módulo: Altura 45cm x Largura 20cm x Profundidade 3cm.
Materiais: MDF de 3mm, Suede Premium, Espuma de alta densidade, Fita Dupla Face.

Por que escolher nossas cabeceiras? Porque elas oferecem o máximo em personalização e conforto. Cada módulo é revestido com Suede Premium, um tecido macio e durável, perfeito para quem gosta de relaxar na cama, seja lendo um livro ou aproveitando um café da manhã preguiçoso. E o melhor: a instalação é super simples, sem necessidade de furar a parede, graças à Fita Dupla Face de alta adesão.

Destaques que fazem a diferença:

Personalize Seu Espaço: Ajuste cada módulo ao seu gosto, criando um design único que reflete sua personalidade. Quer mudar o visual do quarto? Basta reposicionar os módulos e pronto!

Instalação Rápida e Sem Bagunça: Instale em minutos sem furar a parede. Cada módulo vem com Fita Dupla Face, garantindo uma fixação segura e limpa. Ideal para quem busca praticidade sem abrir mão da qualidade.

Conforto Sofisticado: O estofado macio oferece suporte ergonômico, tornando seu quarto ainda mais confortável e convidativo. O Suede Premium não só adiciona um toque de luxo, mas também é resistente ao desgaste, à luz e à umidade.

Este é o momento perfeito para investir: Especialistas em design de interiores recomendam nossas cabeceiras como o toque final essencial para qualquer quarto. Imagine deitar em uma cama que não só é esteticamente agradável, mas também oferece um conforto superior. Não perca a oportunidade de transformar seu espaço!

Perguntas Frequentes (FAQ):

Instalação em paredes texturizadas ou úmidas? Não recomendado. Para garantir a melhor fixação e durabilidade, escolha superfícies lisas e secas.

Reposicionamento dos módulos? Fácil e prático! A Fita Dupla Face pode ser substituída, permitindo que você mude o layout sempre que quiser.

Garanta o seu agora: Compra segura com Garantia Shopee e envio imediato. Transforme seu quarto hoje mesmo!",Furniture,"[{""attr_id"":100037,""attr_val_id"":6737,""formatted_value"":""Brasil"",""status"":1},{""attr_id"":100121,""attr_val_id"":776,""formatted_value"":""1 Month"",""status"":1},{""attr_id"":100134,""attr_val_id"":1209,""formatted_value"":""Fabric"",""status"":1},{""attr_id"":100134,""attr_val_id"":1211,""formatted_value"":""Wood"",""status"":1},{""attr_id"":100134,""attr_val_id"":1221,""formatted_value"":""Leather"",""status"":1},{""attr_id"":100134,""attr_val_id"":1223,""formatted_value"":""Metal"",""status"":1},{""attr_id"":100134,""attr_val_id"":1257,""formatted_value"":""Others"",""status"":1},{""attr_id"":100370,""attr_val_id"":2419,""formatted_value"":""Manufacturer Warranty"",""status"":1},{""attr_id"":100594,""attr_val_id"":0,""formatted_value"":""20cm"",""status"":1},{""attr_id"":100729,""attr_val_id"":3803,""formatted_value"":""No"",""status"":1},{""attr_id"":100730,""attr_val_id"":3807,""formatted_value"":""Fully Assembled"",""status"":1},{""attr_id"":100734,""attr_val_id"":0,""formatted_value"":""Solteiro, Casal, Queen, King"",""status"":1},{""attr_id"":100735,""attr_val_id"":0,""formatted_value"":""Solteiro, Casal, Box Casal, Queen, King Size"",""status"":1},{""attr_id"":100942,""attr_val_id"":0,""formatted_value"":""45x20x3cm"",""status"":1},{""attr_id"":100999,""attr_val_id"":0,""formatted_value"":""1"",""status"":1},{""attr_id"":101029,""attr_val_id"":0,""formatted_value"":""45CM"",""status"":1}]",4.81,30.9,100713,68,https://cf.shopee.com.br/file/br-11134207-7r98o-m5atwu1qe9ad13,Kit Cabeceira de Cama Box Casal Estofada Modular AutoColante,100636,https://shopee.com.br/product/1004246779/23697707337,https://shope.ee/an_redir?origin_link=https%3A%2F%2Fshopee.com.br%2Fproduct%2F1004246779%2F23697707337,3,0,0,0,0,112.4425,60
https://cf.shopee.com.br/file/cn-11134207-7ras8-m3afop4w3x0v15,25638999263,402.0,Home & Living,"      O Comprimento de Cada Bandeja É de 15,75 Polegadas E A Largura É de 4,92 Polegadas, Pode Organizar Cabos de Dados Insightly, Cordões de Energia, Alças de Soquete E Fontes de Energia Que Tanto As Mesas de Hoje Para Lugares Invisíveis.

    Sem Perfuração sob mesa-- Ao contrário de outros modelos No mercado, nossas bandejas são pré-montadas e podem ser penduradas diretamente na moldura da mesa. Basta apertar o botão preto com as mãos para cima sem perfurar sob a mesa. Modo de usar a bandeja, você pode ajustar facilmente a posição da bandeja de acordo com suas necessidades.

    Design de malha de fio aberto - O espaçamento do Design de malha de fio aberto é apenas certo, você pode passar o cabo através do painel da bandeja. Você pode até conectar o fio de excesso entre os fios.
  ",Home Organizers,,4.91,71.99,100721,82,https://cf.shopee.com.br/file/cn-11134207-7ras8-m3afop4vzpbjf9,Escondido sob a mesa caixa de armazenamento de cabos bandeja de gerenciamento de cabos de PC braçadeira de cabo de fio,100636,https://shopee.com.br/product/1351906016/25638999263,https://shope.ee/an_redir?origin_link=https%3A%2F%2Fshopee.com.br%2Fproduct%2F1351906016%2F25638999263,3,0,0,0,0,112.38208333333333,118
https://cf.shopee.com.br/file/br-11134207-7r98o-m9ua1d2e89bt56,22993984844,51.0,Home & Living,"Organizadora de Peças íntimas Calcinhas Meias Lenço Pequenos Acessórios com Divisórias 

Tamanho Pequeno: 24 Grades
Tamanho Grande: 30 Grades

Modelo: Organizador com divisórias 
Material: tecido Tnt
Cor: Bege/ Cinza
(conforme mostrado nas fotos)

Organize seu guarda roupas com facilidade!
Confeccionado em tecido Respirável.

OBS: devido à diferença de luz e tela, a cor do item pode ser ligeiramente diferente das imagens. por favor entenda. por favor permita algumas diferenças devido à medição manual.

Proteção do comprador:
Reembolso total ou parcial, se o produto não for como descrito.
Caro amigo amiga: você pode encontrar alguém vendendo por um preço inferior do que nós. Mas eles não podem garantir a qualidade e o serviço como nós, obrigado!
",Home Organizers,,4.88,27.5,100721,46,https://cf.shopee.com.br/file/br-11134207-7r98o-m9ukljbzsttu07,KIT 2 Organizador de Peças íntimas Calcinhas Meias Lenço Pequenos Acessórios com Divisórias,100636,https://shopee.com.br/product/1392850246/22993984844,https://shope.ee/an_redir?origin_link=https%3A%2F%2Fshopee.com.br%2Fproduct%2F1392850246%2F22993984844,3,0,2,0,0,109.61083333333335,91
https://cf.shopee.com.br/file/sg-11134201-7rdxn-m146e8lfe7tlcc,23597913548,71.98,Home & Living,"⭐Sobre este produto
▪Material: espuma XPE
▪Dimensões:
3 peças x 8 cm x 230 cm

⭐Recursos
▪Material de alta qualidade: Feito de espuma PE macia, ecologicamente correto, não tóxico, anticorrosivo, à prova d'água, à prova de óleo e durável.
▪Autoadesivo: macio e elástico, forte adesão, fácil de instalar e remover. Você apenas descasca e cola, sem necessidade de perfuração, sem resíduos, sem danos.
▪Gravação 3D: O processo de gravação tridimensional cria uma textura visual e tátil que é um ótimo complemento para o seu ambiente.
▪Ampla gama de usos: Adequado para paredes de fundo, cercas, sanefas, decorações de varanda, molduras de fundo, molduras de portas e decorações de peitoris de janelas, reparos de paredes, molduras de fotos, etc.
▪ Fácil de cortar: Pode ser cortado em diferentes tamanhos e comprimentos com uma tesoura para atender às suas necessidades.
▪ Fácil de limpar: resistente a óleo e água, basta passar um pano.
▪ Superfícies aplicáveis: Podem ser instaladas em superfícies lisas e planas, como ladrilhos cerâmicos, madeira, vidro, plástico, metal, etc.


⭐Observar
▪Devido a diferenças nas configurações de iluminação e tela, a cor do item pode variar ligeiramente da imagem.
▪ Considere pequenas diferenças de tamanho devido a diferentes cortes manuais.",Decoration,"[{""attr_id"":100037,""attr_val_id"":35,""formatted_value"":""Mainland China"",""status"":1},{""attr_id"":100594,""attr_val_id"":0,""formatted_value"":""30m"",""status"":1},{""attr_id"":100660,""attr_val_id"":0,""formatted_value"":""30m"",""status"":1}]",4.74,35.99,100711,50,https://cf.shopee.com.br/file/sg-11134201-7rdvy-m146ebft9sgu17,"Kit 3 Rodapé 3D de 8cm x 2,30cm Autocolante Piso Em XPE Adesivo Impermeável",100636,https://shopee.com.br/product/1287381202/23597913548,https://shope.ee/an_redir?origin_link=https%3A%2F%2Fshopee.com.br%2Fproduct%2F1287381202%2F23597913548,4,0,0,0,0,106.92208333333335,75
https://cf.shopee.com.br/file/br-11134207-7r98o-mb1dhvke8qkv38,19798996987,79.9,Home & Living,"***   SEJA BEM VINDO   ***

***   TEMOS O ENVIO MAIS RÁPIDO DA SHOPEE   ***
***  DESPACHAMOS EM 24H  ***

 
3 ORGANIZADORES 7 LITROS  RATTAN COM TAMPA


Procurando um organizador para colocar em ordem sua casa? Seus problemas acabaram!!!
Acabe de vez com problemas e organização do seu ambiente, nossos organizadores são indicados para organização na cozinha, quarto, sala, escritório, brinquedos etc.
Feitos com material de alta qualidade, nossos produtos são fabricados com  matéria prima selecionada e de alta resistência.

FICHA TÉCNICA:

Quantidade: 3 Organizadores com Tampa
Dimensões: 290 X 195 x 155 cm
Material: Plástico PP


*** CONSULTE NOSSA LOJA, TEMOS OUTROS PRODUTOS QUE VOCÊ PODE COMPRAR E APROVEITAR UM ÚNICO FRETE !!!  ***


Cuidado na hora de efetuar sua compra em outras lojas para não comprar produtos danificados e/ou com baixa qualidade, compre com a gente somos líderes de vendas !!!





>> Será um prazer ter você como cliente <<",Home Organizers,"[{""attr_id"":100037,""attr_val_id"":6737,""formatted_value"":""Brasil"",""status"":1},{""attr_id"":100048,""attr_val_id"":502,""formatted_value"":""Baskets"",""status"":1},{""attr_id"":100121,""attr_val_id"":776,""formatted_value"":""1 Month"",""status"":1},{""attr_id"":100134,""attr_val_id"":1207,""formatted_value"":""Plastic"",""status"":1},{""attr_id"":100169,""attr_val_id"":1559,""formatted_value"":""Retro"",""status"":1},{""attr_id"":100169,""attr_val_id"":1625,""formatted_value"":""Vintage"",""status"":1},{""attr_id"":100169,""attr_val_id"":11679,""formatted_value"":""Modern"",""status"":1},{""attr_id"":100169,""attr_val_id"":11757,""formatted_value"":""Classic"",""status"":1},{""attr_id"":100169,""attr_val_id"":12538,""formatted_value"":""Industrial"",""status"":1},{""attr_id"":100370,""attr_val_id"":2419,""formatted_value"":""Manufacturer Warranty"",""status"":1}]",4.67,38.9,100721,51,https://cf.shopee.com.br/file/br-11134207-7r98o-mb1dhvkebjprf8,Kit Com 3 - Cesto Caixa Organizadora Rattan Com Tampa - 7 Litros - Preto,100636,https://shopee.com.br/product/422797670/19798996987,https://shope.ee/an_redir?origin_link=https%3A%2F%2Fshopee.com.br%2Fproduct%2F422797670%2F19798996987,4,0,0,0,0,106.30583333333334,72
https://cf.shopee.com.br/file/br-11134207-81z1k-mhqm8f61vr43fc,58251312306,71.9,Home & Living,"Nicer Dicer Plus – O Fatiador e Cortador que Vai Revolucionar Sua Cozinha!

Se você também já cansou de cortar cebola, tomate, cenoura ou qualquer outro alimento no braço, com sujeira e bagunça… conheça o Nicer Dicer Plus, o segredo das cozinhas práticas e modernas! Esse é o utensílio que vai transformar seu dia a dia. Com cortes rápidos, precisos e sem esforço, você prepara saladas, legumes, frutas, sopas e muito mais em questão de segundos!

- Por que o Nicer Dicer Plus é tão incrível?
. Multifuncional: fatie, pique, rale, corte em cubos ou tiras – tudo com um único aparelho!
. Ultra rápido e eficiente: economize até 80% do tempo na cozinha.
. Cortes uniformes e profissionais: sua comida mais bonita e com cozimento uniforme.
. Fácil de limpar: partes removíveis e laváveis, basta enxaguar ou colocar na lava-louças.
. Design compacto e seguro: ocupa pouco espaço e mantém suas mãos longe das lâminas afiadas.
. Ideal para qualquer alimento: frutas, legumes, queijos, ovos, carnes frias e muito mais!

- Perfeito para quem:
. Ama praticidade e rapidez
. Gosta de cozinhar com organização
. Quer manter uma alimentação saudável sem complicação
. Cansou de utensílios que quebram, enferrujam ou não funcionam

O que você recebe:
1) Cortador anatômico na cor grafite
2) Vasilha em acrílico com base antiderrapante em silicone
3) Escorredor de alimentos
4) Lâmina de corte em inox 14x14mm
5) Lâmina de corte em inox 7x7 mm
6) Lâmina de corte em rodelas 2mm de fatia
7) Lâmina de ralador
8) Lâmina de corte ondulado de batatas e legumes
9) Lâmina de corte premium 4mm
10) Lâmina de corte premium 3mm
11) Protetor de mãos
12) Escovinha de limpeza do cortador
13) Separador de clara e gema",Kitchenware,"[{""attr_id"":100037,""attr_val_id"":6737,""formatted_value"":""Brasil"",""status"":1},{""attr_id"":100121,""attr_val_id"":776,""formatted_value"":""1 Month"",""status"":1},{""attr_id"":100130,""attr_val_id"":1134,""formatted_value"":""BPA Free"",""status"":1},{""attr_id"":100130,""attr_val_id"":11607,""formatted_value"":""Durable"",""status"":1},{""attr_id"":100130,""attr_val_id"":14282,""formatted_value"":""PVC Free"",""status"":1},{""attr_id"":100134,""attr_val_id"":0,""formatted_value"":""Acrilico"",""status"":1},{""attr_id"":100134,""attr_val_id"":1501,""formatted_value"":""Stainless Steel"",""status"":1},{""attr_id"":100370,""attr_val_id"":2437,""formatted_value"":""Supplier Warranty"",""status"":1},{""attr_id"":100999,""attr_val_id"":0,""formatted_value"":""01 Pack Completo"",""status"":1},{""attr_id"":101219,""attr_val_id"":7222,""formatted_value"":""No"",""status"":1}]",4.95,32.9,100717,54,https://cf.shopee.com.br/file/br-11134207-81ztc-mjjzywz14v7l25,Nicer Dicer Plus Cortador Fatiador Legumes Verduras Frutas Artigos para Cozinha,100636,https://shopee.com.br/product/335240457/58251312306,https://shope.ee/an_redir?origin_link=https%3A%2F%2Fshopee.com.br%2Fproduct%2F335240457%2F58251312306,3,0,0,0,0,105.44583333333333,79
https://cf.shopee.com.br/file/sg-11134201-824jd-med4d5fabzt335,23794381904,89.0,Home & Living,"Eleve o visual da sua mesa com o Tapete de Jantar Redondo em Fibra Natural!

✨ Design Elegante e Natural: Feito de fibra de alta qualidade, com textura trançada que traz um toque rústico e sofisticado às suas refeições. 

🎨 Variedade de Cores Atrativas: Disponível em uma gama de cores vibrantes e neutras, permitindo combinar com qualquer estilo de decoração. 

🛡️ Proteção e Praticidade: Protege sua mesa contra arranhões, sujeira e calor de pratos quentes. Além disso, é fácil de limpar — basta passar um pano úmido. 

💪 Durabilidade e Qualidade: Fabricado com materiais resistentes, garante longa vida útil, sendo perfeito para uso diário em casa ou em eventos. 

Características:

Formato redondo
Fibra natural de qualidade
Diversas cores disponíveis
Fácil de limpar
Durável

Adquira agora e transforme suas refeições em momentos mais especiais! 🛍️",Dinnerware,"[{""attr_id"":100130,""attr_val_id"":11607,""formatted_value"":""Durable"",""status"":1},{""attr_id"":100169,""attr_val_id"":1625,""formatted_value"":""Vintage"",""status"":1},{""attr_id"":100169,""attr_val_id"":11679,""formatted_value"":""Modern"",""status"":1},{""attr_id"":100169,""attr_val_id"":11757,""formatted_value"":""Classic"",""status"":1},{""attr_id"":101219,""attr_val_id"":7222,""formatted_value"":""No"",""status"":1}]",4.9,23.88,100718,73,https://cf.shopee.com.br/file/sg-11134201-824hk-med4d7oner5z31,"Kit 4～10 Jogo Americano Redondo Jantar para Mesa Posta, Descanso de Prato",100636,https://shopee.com.br/product/1406964673/23794381904,https://shope.ee/an_redir?origin_link=https%3A%2F%2Fshopee.com.br%2Fproduct%2F1406964673%2F23794381904,1,0,0,0,0,105.37500000000001,73
https://cf.shopee.com.br/file/br-11134207-81z1k-mfafo1ui90cl89,23494426669,89.99,Home & Living,"Suporte organizador em acrílico cristal com divisórias para até 7 bonés, ideal para proteger e expor sua coleção.

Benefícios para Adquirir:
Mantém bonés alinhados e sem deformar.
Estrutura transparente para melhor visualização.
Ideal para vitrines, closets e colecionadores.

Fácil limpeza e alta resistência.

Características Técnicas:
Material: Acrílico cristal 3 mm
Cor: Transparente
Capacidade: Até 7 bonés por suporte
Quantidade: 1 suporte 

Acabamento: Corte a laser, bordas polidas

Cuidados e Informações Adicionais:
Limpar com pano macio e seco.
Não utilizar produtos abrasivos.

Bonés não inclusos, imagens ilustrativas.


Garanta já seu kit organizador de bonés e mantenha sua coleção sempre protegida e bem exposta!",Home Organizers,"[{""attr_id"":100134,""attr_val_id"":0,""formatted_value"":""Acrílico"",""status"":1},{""attr_id"":100999,""attr_val_id"":0,""formatted_value"":""100"",""status"":1},{""attr_id"":101219,""attr_val_id"":7222,""formatted_value"":""No"",""status"":1}]",4.88,38.99,100721,57,https://cf.shopee.com.br/file/br-11134207-81z1k-mf1i64jo5m9ye0,Suporte Organizador Acrílico Cristal Para 7 Bonés com Divisórias Expositor de Vitrine Closet,100636,https://shopee.com.br/product/1630160240/23494426669,https://shope.ee/an_redir?origin_link=https%3A%2F%2Fshopee.com.br%2Fproduct%2F1630160240%2F23494426669,3,0,0,0,0,105.26708333333333,92
https://cf.shopee.com.br/file/sg-11134201-7rdvh-lzrqqidn0tfr77,22697759986,80.0,Home & Living,"Descrição
* Lâmpada de mesa LED dobrável de design portátil
* Simples e elegante.
* Pode ser carregada via porta USB.
* Conveniente para ser usado ou recarregado ao acampar ou viajar.
* 3 CONTROLE DE NÍVEL DE TOQUE:
* Controle sensível ao toque com brilho de três níveis: toque único fornece brilho mais baixo, toque duplo médio e três toques mais forte, permite ajustar o brilho de acordo com suas necessidades.
* ÂNGULO AJUSTÁVEL: A lâmpada pode ser ajustada em 180 graus, braço de pescoço de ganso ultra flexível com flexibilidade de 360 ??° que você pode acender facilmente onde quiser.
* CUIDADOS COM OS OLHOS: 15 contas de lâmpadas LED brilhantes, 100% de luz natural, luz LED sem vibração, evitam a fadiga ocular causada por tremulação ou brilho intenso.

Especificações:
-----------------------------------

* Modelo: TD-011
* Potência: 3W
* Fluxo luminoso: 120lm
* Entrada de energia: DC 5V
* Material: ABS + PC
* Porta: Micro USB V8 para carregar
* Tamanho: Altura 40cm Diâmetro 10cm",Lighting,"[{""attr_id"":100037,""attr_val_id"":35,""formatted_value"":""Mainland China"",""status"":1},{""attr_id"":100121,""attr_val_id"":799,""formatted_value"":""3 Months"",""status"":1},{""attr_id"":100323,""attr_val_id"":0,""formatted_value"":""5V"",""status"":1},{""attr_id"":100370,""attr_val_id"":2437,""formatted_value"":""Supplier Warranty"",""status"":1},{""attr_id"":100763,""attr_val_id"":4131,""formatted_value"":""USB Charger"",""status"":1},{""attr_id"":100773,""attr_val_id"":4229,""formatted_value"":""Table & Desk Lamp"",""status"":1},{""attr_id"":100999,""attr_val_id"":0,""formatted_value"":""100+"",""status"":1},{""attr_id"":101029,""attr_val_id"":0,""formatted_value"":""1Box"",""status"":1}]",4.83,21.88,100719,73,https://cf.shopee.com.br/file/sg-11134201-7rdye-lzrqqn4u2ass4c,Luminária De Mesa Recarregável Flexível Sem Fio Led Leve Dobrável Portátil Leitura,100636,https://shopee.com.br/product/1310273419/22697759986,https://shope.ee/an_redir?origin_link=https%3A%2F%2Fshopee.com.br%2Fproduct%2F1310273419%2F22697759986,1,0,0,0,0,105.23166666666667,82
https://cf.shopee.com.br/file/sg-11134201-7rcbt-m6eb9skppyfued,23593714500,42.99,Home & Living,"TAMANHO: 5M X 45CM
AUTO COLANTE, NÃO PRECISA DE COLA!!!
COM RELEVO!! O MAIS GROSSO DOS ADESIVOS, MODELOS EXCLUSIVOS!!!

RESULTADO DE APLICAÇÃO FINAL PARECE COM ACABAMENTO DE MADEIRA REAL!!

ATENÇÃO :
*A cor pode ter variação de lote para lote, não nos responsabilizamos por mais de uma compra, recomendamos comprar uma única vez para toda a área que necessita.
*A cor das fotos dos anúncios podem ter uma variação de até 10% na cor real do material.
*Produto imita madeira, não é madeira real. 
*O valor anunciado é referente a medida de 5m x 45cm.


ONDE PODE SER APLICADO?
*Em qualquer superfície liso,limpa e seca totalmente.(Madeira,vidro , Geladeira, Guarda-roupa, Bacana, Estante, Móveis, Mesa, Cadeira, Paredes revisadas com tinta plástica ou massa corrida concreto e outros)

MÉTODO DE APLICAÇÃO:
Preparação das superfície
* Paredes pintadas
Após a remoção de impurezas ou colas ,deve ser aplicado um verniz ou um impermeabilidade.

APLICAÇÃO:
* Corte o material em um formato pouco maior do que a medida necessária.
*Descole uma ponta de 5 cm do papel protetor e aplique o produto a partir dos cantos da área a ser revestida.
*Com uma mão, descole aos poucos o papel protetor em diagonal. Com a outra mão, fixe o produto do centro para as bordas utilizando uma flanela.
*Para evitar bolhas pressione bem ao aplicar
*Caso o material fique torto, descole o adesivo com cuidado e reinicie a aplicação
*Pressione bem o produto aplicado para maior fixação. Para eliminar bolhas, faça pequenos furos com uma agulha fina.

Por favor, prevaleça em espécie",Decoration,"[{""attr_id"":100594,""attr_val_id"":0,""formatted_value"":""5m"",""status"":1},{""attr_id"":100999,""attr_val_id"":0,""formatted_value"":""1"",""status"":1}]",4.96,21.99,100711,49,https://cf.shopee.com.br/file/sg-11134201-7rcda-m6eb9w4mit04f2,"Adesivo Papel de Parede Autocolante 5 metros x 45 centímetros = 2,25m² Madeira",100636,https://shopee.com.br/product/390353399/23593714500,https://shope.ee/an_redir?origin_link=https%3A%2F%2Fshopee.com.br%2Fproduct%2F390353399%2F23593714500,3,0,0,0,0,105.04875000000001,78
https://cf.shopee.com.br/file/br-11134207-7r98o-mdndsoqwf2z530,22294351861,52.9,Home & Living,"🥗 Kit 10 Potes Bowl 1300ml com Tampa – Design Único e Diferenciado 🧡

Tenha mais praticidade, organização e beleza na sua cozinha com este kit completo de 10 potes bowls de 1300ml. Ideais para armazenar, preparar ou servir alimentos, eles unem qualidade, resistência e estilo moderno.

✅ Especificações:
Capacidade: 1300ml cada pote
Medidas: Altura 10cm x Largura 18cm
Cores disponíveis: Preto, Rosa, Vermelho, Bege e Roxo
Material: Plástico reforçado de alta durabilidade
Acompanha tampa em design exclusivo e diferenciado
🌟 Benefícios:
Perfeitos para armazenar comida no freezer, micro-ondas e lava-louças
Tampa prática e resistente, que mantém seus alimentos protegidos e frescos
Design elegante que combina com qualquer cozinha
Kit econômico: 10 unidades para uso no dia a dia ou organização de grandes quantidades

💡 Por que escolher este kit?
Com cores modernas e acabamento único, este kit é a escolha certa para quem busca funcionalidade e estilo em um só produto. Seja para guardar marmitas, organizar a geladeira ou servir à mesa, os potes bowls de 1300ml são versáteis, resistentes e indispensáveis.

👉 Garanta já o seu Kit com 10 potes bowls 1300ml e deixe sua cozinha mais organizada e sofisticada!",Kitchenware,"[{""attr_id"":100037,""attr_val_id"":6737,""formatted_value"":""Brasil"",""status"":1},{""attr_id"":100121,""attr_val_id"":776,""formatted_value"":""1 Month"",""status"":1},{""attr_id"":100130,""attr_val_id"":14283,""formatted_value"":""Hermetic"",""status"":1},{""attr_id"":100134,""attr_val_id"":1207,""formatted_value"":""Plastic"",""status"":1},{""attr_id"":100162,""attr_val_id"":11696,""formatted_value"":""Solid"",""status"":1},{""attr_id"":100169,""attr_val_id"":11757,""formatted_value"":""Classic"",""status"":1},{""attr_id"":100278,""attr_val_id"":0,""formatted_value"":""1300ml"",""status"":1},{""attr_id"":100370,""attr_val_id"":2437,""formatted_value"":""Supplier Warranty"",""status"":1},{""attr_id"":100761,""attr_val_id"":4044,""formatted_value"":""Food Storage Container"",""status"":1},{""attr_id"":100771,""attr_val_id"":4004,""formatted_value"":""Others"",""status"":1},{""attr_id"":100794,""attr_val_id"":3983,""formatted_value"":""Air Tight"",""status"":1},{""attr_id"":100794,""attr_val_id"":4033,""formatted_value"":""Dishwasher Safe"",""status"":1},{""attr_id"":100794,""attr_val_id"":4070,""formatted_value"":""Freezer Safe"",""status"":1},{""attr_id"":100794,""attr_val_id"":4107,""formatted_value"":""Stackable"",""status"":1},{""attr_id"":100794,""attr_val_id"":4117,""formatted_value"":""Microwave Safe"",""status"":1},{""attr_id"":100942,""attr_val_id"":0,""formatted_value"":""10x18x18"",""status"":1},{""attr_id"":100999,""attr_val_id"":0,""formatted_value"":""10"",""status"":1},{""attr_id"":101029,""attr_val_id"":0,""formatted_value"":""2KG"",""status"":1},{""attr_id"":101219,""attr_val_id"":7222,""formatted_value"":""No"",""status"":1}]",4.84,25.5,100717,52,https://cf.shopee.com.br/file/br-11134207-7r98o-mdne68h4j4cx2c,"Kit 10 Potes Bowl 1300ml Plástico com Tampa – Marmita Cozinha, Freezer,  Micro-ondas e  Lava-Louças.",100636,https://shopee.com.br/product/322050038/22294351861,https://shope.ee/an_redir?origin_link=https%3A%2F%2Fshopee.com.br%2Fproduct%2F322050038%2F22294351861,3,0,0,0,0,105.0075,100
https://cf.shopee.com.br/file/br-11134207-81z1k-milukr8bvawy4a,22599154884,100.0,Home & Living,"Kit Forma para Pizza Antiaderente - 2 em 1! Retangular 37x25cm


👉 PIZZAS PERFEITAS E DOURADAS, SEM NADA GRUDAR! A FORMA PROFISSIONAL QUE SUA COZINHA PRECISAVA!

Chega de pizzas que grudam e desmancham na hora de servir! Apresentamos o Kit Duplo de Formas Antiaderentes que vai revolucionar seus momentos de pizza em casa. Crie pizzas de casa de pizza, pães crocantes e queijos assados perfeitos com resultados incríveis!

🔥 PORQUE ESTE KIT É A ESCOLHA CERTA?

TECNOLOGIA ANTIADERENTE PREMIUM: Revestimento profissional que garante que a pizza deslize perfeitamente após o forno. Zero de desespero com comida grudada!

KIT COMPLETO 2 EM 1: Leve DOIS formatos pelo preço que você pagaria em uma! Forma Redonda (30cm) para pizzas clássicas e a Retangular (37x25cm) para pizzas grandes, pães e focaccias.

RESULTADOS DOURADOS E UNIFORMES: Feita em aço carbono de alta qualidade, distribui o calor perfeitamente para uma crosta dourada e crocante por igual.

FÁCIL DE LIMPAR: Superfície ultra lisa que libera os resíduos com facilidade. Uma passada de pano ou lavagem rápida na água resolve!

⚡ MÚLTIPLOS USOS - SUA VERSATILIDADE NA COZINHA

Perfeita para preparar:

Pizzas caseiras clássicas e criativas

Pães de fermentação e focaccias

Queijos assados (queijo frito)

Tortas salgadas e quiches

Snacks e petiscos no forno

📏 ESPECIFICAÇÕES TÉCNICAS

Material: Aço Carbono com Revestimento Antiaderente (Livre de PFOA)

Resistência: Suporta até 250°C - Ideal para Fornos Convencionais, a Gás e Elétricos

Formatos Inclusos:


1x Forma Retangular (37cm x 25cm)

Peso Aproximado: 260g cada (Leve e de fácil manuseio)

Inclui: Cabos seguros que não esquentam durante o uso

🎁 OFERTA ESPECIAL POR TEMPO LIMITADO!

Kit Duplo (Redonda + Retangular) por um preço imperdível!

🚚 FRETE RÁPIDO: Enviamos seu pedido em até 24h após a confirmação do pagamento!

👉 GARANTA JÁ O SEU KIT E TRANSFORME SUAS RECEITAS!

Clique em ""COMPRAR AGORA"" e adquira a ferramenta essencial para uma cozinha prática e saborosa!

#shopeeBR #cozinha #formapizza #pizzacaseira #antiaderente #forno #culinaria #kitcozinha #pizza #paocaseiro #casaepraça #utilidadesdomesticas #produtosparacozinha #presenteparacozinha #formas #assadeira #2em1 #redonda #retangular #250graus",Kitchenware,"[{""attr_id"":100037,""attr_val_id"":35,""formatted_value"":""Mainland China"",""status"":1},{""attr_id"":100121,""attr_val_id"":776,""formatted_value"":""1 Month"",""status"":1},{""attr_id"":100130,""attr_val_id"":11607,""formatted_value"":""Durable"",""status"":1},{""attr_id"":100130,""attr_val_id"":12207,""formatted_value"":""Non-Slip"",""status"":1},{""attr_id"":100130,""attr_val_id"":12209,""formatted_value"":""Heat Resistant"",""status"":1},{""attr_id"":100134,""attr_val_id"":1501,""formatted_value"":""Stainless Steel"",""status"":1},{""attr_id"":100370,""attr_val_id"":2437,""formatted_value"":""Supplier Warranty"",""status"":1},{""attr_id"":100999,""attr_val_id"":0,""formatted_value"":""1"",""status"":1},{""attr_id"":101014,""attr_val_id"":5516,""formatted_value"":""Cake Mold"",""status"":1}]",4.53,22.99,100717,77,https://cf.shopee.com.br/file/br-11134207-81z1k-mhkedvgo6arnbf,Kit Forma para Pizza Antiaderente - 2 em 1! Retangular 37x25cm -1080,100636,https://shopee.com.br/product/1530389294/22599154884,https://shope.ee/an_redir?origin_link=https%3A%2F%2Fshopee.com.br%2Fproduct%2F1530389294%2F22599154884,1,0,0,0,0,104.80041666666668,68
https://cf.shopee.com.br/file/sg-11134201-7reqd-m2re1rvwqtgna0,22393544729,50.0,Home & Living,"Kit com 2 Varais de Roupa Íntima: Praticidade, Organização e Estilo na Hora de Secar
A organização e o cuidado com as roupas íntimas são aspectos muitas vezes negligenciados no processo de lavagem e secagem das peças. No entanto, quando se trata de itens delicados, como calcinhas, cuecas e meias, o processo de secagem pode ser ainda mais importante para garantir sua durabilidade e preservação. O Kit com 2 Varais de Roupa Íntima surge como uma solução prática e eficiente para resolver esse desafio, oferecendo não apenas funcionalidade, mas também estilo, com lindas cores que deixam a tarefa de secar roupas mais agradável e organizada.

1. Organização e Economia de Espaço
O Kit com 2 Varais de Roupa Íntima foi desenvolvido pensando na praticidade do dia a dia. Com dois varais no pacote, o kit permite que você separe as roupas íntimas por tipo ou cor, garantindo uma organização mais eficiente na hora de secar. Isso evita que as peças se embaracem ou se misturem com outras roupas, o que poderia danificar ou deixar as peças menos visíveis. Além disso, os varais são compactos, ocupando pouco espaço, o que os torna ideais para quem tem pouco espaço para secagem, como em apartamentos ou áreas de serviço menores. Sua estrutura prática permite que você aproveite melhor o espaço disponível, organizando as peças íntimas de forma eficiente e sem bagunça.

2. Cuidados com as Roupas Íntimas e Delicadeza nas Peças
As roupas íntimas, por serem feitas de materiais mais delicados, como algodão, lace ou microfibra, exigem cuidados especiais durante o processo de secagem. O Kit com 2 Varais de Roupa Íntima proporciona uma secagem mais cuidadosa, com espaço adequado para que as peças não se danifiquem ou deformem. Os varais são pensados para não deixar marcas nas roupas e para evitar que as peças se estiquem ou encolham. Além disso, com a separação de peças íntimas por varal, você tem controle total sobre a secagem, garantindo que cada item seja tratado da melhor forma possível.

3. Estilo e Diversidade de Cores
Além da funcionalidade, o Kit com 2 Varais de Roupa Íntima se destaca por suas lindas cores, que dão um toque de estilo à sua área de serviço. Disponível em diferentes opções de cores, o kit é uma forma de personalizar o ambiente e até mesmo de tornar a tarefa de secar roupas mais agradável. A variedade de cores também permite que você combine os varais com o restante da decoração da sua lavanderia, criando um espaço mais harmonioso e alegre. Afinal, a organização não precisa ser sem graça, e detalhes como esses podem fazer a diferença na sua experiência de cuidado com as roupas.

4. Praticidade e Facilidade de Uso
Outro grande benefício do Kit com 2 Varais de Roupa Íntima é sua praticidade. Os varais são leves e de fácil manuseio, o que facilita a colocação das peças e a retirada delas após a secagem. O design simples e eficiente permite que você pendure as roupas íntimas de forma rápida e sem complicação. Além disso, muitos modelos vêm com ganchos ou presilhas, garantindo que as peças fiquem no lugar e não escorreguem durante o processo de secagem. Isso torna o uso do varal ainda mais conveniente, especialmente em dias de grande volume de roupas para secar.

5. Durabilidade e Custo-Benefício
O Kit com 2 Varais de Roupa Íntima é uma solução econômica e de longa duração. Fabricados com materiais resistentes, esses varais são feitos para durar, suportando o uso frequente e mantendo sua funcionalidade ao longo do tempo. Ao investir nesse kit, você obtém dois varais por um preço acessível, o que representa um excelente custo-benefício. A durabilidade do produto, combinada com a sua praticidade e eficiência, faz com que seja uma escolha inteligente para quem busca um produto de qualidade sem gastar muito.

6. Ideal para Roupas Íntimas e Outras Peças Delicadas
Embora o Kit com 2 Varais de Roupa Íntima seja especialmente projetado para roupas íntimas, ele pode ser utilizado para secar outros tipos de peças delicadas, como meias, sutiãs, tops e até pequenas peças de roupas infantis. Isso aumenta ainda mais a versatilidade do produto, permitindo que você aproveite os varais para diferentes necessidades de secagem, mantendo sempre a organização e o cuidado com as peças mais sensíveis.

O Kit com 2 Varais de Roupa Íntima é a solução perfeita para quem busca mais praticidade, organização e cuidado ao secar roupas íntimas e peças delicadas. Seu design eficiente, aliado à durabilidade e às lindas cores disponíveis, tornam este produto uma escolha vantajosa para qualquer lar. Ao escolher esse kit, você não só otimiza o processo de secagem, mas também agrega estilo à sua área de serviço, enquanto garante a preservação e o cuidado com suas roupas íntimas. Simples, funcional e com um ótimo custo-benefício, o kit é uma ferramenta indispensável para quem valoriza organização e qualidade no dia a dia.",Home Care Supplies,"[{""attr_id"":100121,""attr_val_id"":799,""formatted_value"":""3 Months"",""status"":1},{""attr_id"":100130,""attr_val_id"":1116,""formatted_value"":""Adjustable"",""status"":1},{""attr_id"":100134,""attr_val_id"":1207,""formatted_value"":""Plastic"",""status"":1}]",4.86,21.39,100716,57,https://cf.shopee.com.br/file/sg-11134201-7rent-m2re1oxn2bqz78,"Kit C/02 Varal de Roupa Intima, Calcinha, Meia, Cueca, lindas cores",100636,https://shopee.com.br/product/1398327824/22393544729,https://shope.ee/an_redir?origin_link=https%3A%2F%2Fshopee.com.br%2Fproduct%2F1398327824%2F22393544729,1,0,2,0,0,104.77375,67
